brand,name,category,strain,thc,cbd
Madame Munchie,Macarons 5 pack,"Edibles,",Green Ribbon,100mg,NA
Madame Munchie,PB&J Macaron,"Edibles,",Sunset Sherbert,20mg,NA
Madame Munchie,Tropical Jungle Macaron,"Edibles,",Sunset Sherbert,20mg,NA
Madame Munchie,Green Gold Macaron,"Edibles,",Sunset Sherbert,20mg,NA
Madame Munchie,Hazelnut Mocha Macaron,"Edibles,",Sunset Sherbert,20mg,NA
Madame Munchie,Citrus Ã  lâ€™amande Macaron,"Edibles,",Sunset Sherbert,20mg,NA
Revivid CBD,hemp Extract - 30ML (225mg),"Tincture,",ACDC (AC/DC),NA,225mg
Revivid CBD,Hemp Extract - 30ML (100mg),"Tincture,",ACDC (AC/DC),NA,100mg
Revivid CBD,Hemp extract - 30ML (200mg),"Tincture,",ACDC (AC/DC),NA,200mg
Revivid CBD,Hemp Extract - 30ML (500mg),"Tincture,",ACDC (AC/DC),NA,500mg
Revivid CBD,Hemp Extract - 30ML (1000mg),"Tincture,",ACDC (AC/DC),NA,"1,000mg"
Revivid CBD,Revivid 22:1 - 30ML,"Tincture,",Sour Diesel,NA,NA
Revivid CBD,Revivid CBD Tincture 15:1 - 25 mL,"Tincture,",Harlequin,NA,NA
Revivid CBD,Revivid CBD Tincture 15:1,"Tincture,",Harlequin,NA,NA
Revivid CBD,Revivid CBD Tincture 15:1 - 4 mL,"Tincture,",Harlequin,NA,NA
Revivid CBD,Revivid CBD Tincture 5:1,"Tincture,",Harlequin,NA,NA
Revivid CBD,Revivid CBD Tincture 5:1 - 4 mL,"Tincture,",Harlequin,NA,NA
Revivid CBD,Revivid CBD Tincture 5:1 - 25 mL,"Tincture,",Harlequin,NA,NA
Revivid CBD,Revivid CBD Tincture 1.5:1 - 25 mL,"Tincture,",Harlequin,NA,NA
Revivid CBD,Revivid CBD Tincture 1.5:1 - 4 mL,"Tincture,",Harlequin,NA,NA
Revivid CBD,Revivid CBD Tincture 1.5:1,"Tincture,",Harlequin,NA,NA
Apothecanna,Extra Strength - Relieving Body Spray - 2 oz.,"Topical,",Gorilla Glue #4,NA,NA
Apothecanna,Extra Strength - Relieving Cream - 8 oz.,"Topical,",Gorilla Glue #4,123mg,10.80mg
Apothecanna,Extra Strength - Relieving Cream - 2 oz.,"Topical,",Gorilla Glue #4,30.20mg,2.70mg
Apothecanna,Calming Cream - 2 oz.,"Topical,",Gorilla Glue #4,17.30mg,8.60mg
Apothecanna,Relieving Cream - 8 oz.,"Topical,",Gorilla Glue #4,62.60mg,6.50mg
Apothecanna,Relieving Spray - 2 oz.,"Topical,",Gorilla Glue #4,NA,25mg
Apothecanna,Relieving Cream - 2 oz.,"Topical,",Gold Star,11.90mg,1.10mg
Dixie Elixirs & Edibles,Relief Balm,"Topical,",Larry OG Kush,90mg,NA
Dixie Elixirs & Edibles,Muscle Relief Lotion,"Topical,",Larry OG Kush,90mg,NA
Dixie Elixirs & Edibles,Bath Soak,"Topical,Bath,",Larry OG Kush,90mg,NA
Dixie Elixirs & Edibles,Synergy Relief Balm,"Topical,",Larry OG Kush,50mg,50mg
Dixie Elixirs & Edibles,Peach Iced Tea,"Edibles,Drink,",OG Kush,NA,NA
Dixie Elixirs & Edibles,Wild Berry Lemonade,"Edibles,Drink,",ACDC (AC/DC),90mg,NA
Dixie Elixirs & Edibles,Chocolate Cherry Pretzel,"Edibles,Chocolate,",Girl Scout Cookies,10mg,NA
Dixie Elixirs & Edibles,White Chocolate + Peppermint,"Edibles,Chocolate,",Girl Scout Cookies,10mg,NA
Dixie Elixirs & Edibles,Toasted Rooster - 180mg,"Edibles,Chocolate,",Girl Scout Cookies,180mg,NA
Dixie Elixirs & Edibles,Colorado Bar,"Edibles,Chocolate,",Girl Scout Cookies,300mg,NA
Dixie Elixirs & Edibles,Crispy Kraken - 84mg,"Edibles,Chocolate,",Girl Scout Cookies,84mg,NA
Dixie Elixirs & Edibles,Crispy Kraken - 180mg,"Edibles,Chocolate,",Girl Scout Cookies,180mg,NA
Dixie Elixirs & Edibles,Peppermint Relaxing Mints - 16x5mg,NA,OG Kush,80mg,NA
Dixie Elixirs & Edibles,Peppermint Relaxing Mints - 16x10mg,NA,OG Kush,160mg,NA
Dixie Elixirs & Edibles,Orange Awakening Mints - 16x5mg,NA,OG Kush,80mg,NA
Dixie Elixirs & Edibles,Orange Awakening Mints - 16x10mg,NA,OG Kush,160mg,NA
Dixie Elixirs & Edibles,Synergy Scrips,"Edibles,Pill",OG Kush,25mg,25mg
Dixie Elixirs & Edibles,Synergy Dew Drops,"Edibles,Drink,",OG Kush,50mg,50mg
Dixie Elixirs & Edibles,Mint Coffee Lift,"Edibles,Drink,",OG Kush,10mg,NA
Dixie Elixirs & Edibles,Citrus Acai Lift,"Edibles,Drink,",OG Kush,10mg,NA
Dixie Elixirs & Edibles,Toasted Rooster - 84mg,"Edibles,Chocolate,",OG Kush,84mg,NA
Dixie Elixirs & Edibles,Chocolate Truffles â€“ 2x150mg,"Edibles,Chocolate,",OG Kush,300mg,NA
Dixie Elixirs & Edibles,Chocolate Truffles â€“ 2x50mg,"Edibles,Chocolate,",OG Kush,100mg,NA
Dixie Elixirs & Edibles,Dixie Scrips General Pain Relief,"Edibles,Pill",Harlequin,50mg,NA
Dixie Elixirs & Edibles,Dixie X Scrips,"Edibles,Pill",Harlequin,10mg,NA
Dixie Elixirs & Edibles,Dixie X Scrips - 25mg,"Edibles,Pill",Harlequin,25mg,NA
Dixie Elixirs & Edibles,Dixie X Scrips - 50mg,"Edibles,Pill",Harlequin,50mg,NA
Dixie Elixirs & Edibles,Dixie X Scrips - 10mg,"Edibles,Pill",Harlequin,10mg,NA
Dixie Elixirs & Edibles,Dixie Awakening Scrips - 10mg,"Edibles,Pill",Harlequin,10mg,NA
Dixie Elixirs & Edibles,Dixie Awakening Scrips - 25mg,"Edibles,Pill",Harlequin,25mg,NA
Dixie Elixirs & Edibles,Dixie Awakening Scrips,"Edibles,Pill",Harlequin,10mg,NA
Dixie Elixirs & Edibles,Dixie Relaxing Scrips - 25mg,"Edibles,Pill",Harlequin,25mg,NA
Dixie Elixirs & Edibles,Dixie Relaxing Scrips,"Edibles,Pill",Harlequin,10mg,NA
Dixie Elixirs & Edibles,Dixie Relaxing Scrips - 10mg,"Edibles,Pill",Harlequin,10mg,NA
Dixie Elixirs & Edibles,Dew Drops - Watermelon,"Tincture,",Harlequin,100mg,NA
Dixie Elixirs & Edibles,Dew Drops - Ginger Mango,"Tincture,",Harlequin,100mg,NA
Dixie Elixirs & Edibles,Dew Drops - Spearmint,"Tincture,",Harlequin,100mg,NA
Dixie Elixirs & Edibles,Dew Drops - Cinnamon,"Tincture,",Harlequin,100mg,NA
Dixie Elixirs & Edibles,Dew Drops - Natural Flavor,"Tincture,",Harlequin,100mg,NA
Dixie Elixirs & Edibles,Dew Drops - Vanilla,"Tincture,",Harlequin,100mg,NA
Dixie Elixirs & Edibles,Dixie Rolls,"Edibles,Candy,",Harlequin,100mg,NA
Dixie Elixirs & Edibles,Dixie Rolls - 100mg,"Edibles,Candy,",Harlequin,100mg,NA
Dixie Elixirs & Edibles,Dixie Rolls - 200mg,"Edibles,Candy,",Harlequin,200mg,NA
Dixie Elixirs & Edibles,Colorado Bar - 100mg,"Edibles,Snack,",Harlequin,100mg,NA
Dixie Elixirs & Edibles,Colorado Bar - 300mg,"Edibles,Snack,",Harlequin,300mg,NA
Dixie Elixirs & Edibles,Sparkling Mandarin - 40mg,"Edibles,Drink,",Harlequin,40mg,NA
Dixie Elixirs & Edibles,Sparkling Mandarin,"Edibles,Drink,",Harlequin,40mg,NA
Dixie Elixirs & Edibles,Sparkling Mandarin - 75mg,"Edibles,Drink,",Harlequin,75mg,NA
Dixie Elixirs & Edibles,Sparkling Pomegranate - 75mg,"Edibles,Drink,",Harlequin,75mg,NA
Dixie Elixirs & Edibles,Sparkling Pomegranate,"Edibles,Drink,",Harlequin,40mg,NA
Dixie Elixirs & Edibles,Sparkling Pomegranate - 40mg,"Edibles,Drink,",Harlequin,40mg,NA
Dixie Elixirs & Edibles,Sparkling Blueberry - 40mg,"Edibles,Drink,",Harlequin,40mg,NA
Dixie Elixirs & Edibles,Sparkling Blueberry - 75mg,"Edibles,Drink,",Harlequin,75mg,NA
Dixie Elixirs & Edibles,Sparkling Grapefruit - 75mg,"Edibles,Drink,",Harlequin,75mg,NA
Dixie Elixirs & Edibles,Sparkling Grapefruit - 40mg,"Edibles,Drink,",Harlequin,40mg,NA
Dixie Elixirs & Edibles,Sparkling Red Currant - 40mg,"Edibles,Drink,",Harlequin,40mg,NA
Dixie Elixirs & Edibles,Sparkling Red Currant,"Edibles,Drink,",Harlequin,40mg,NA
Dixie Elixirs & Edibles,Sparkling Red Currant - 75mg,"Edibles,Drink,",Harlequin,75mg,NA
Dixie Elixirs & Edibles,Old Fashioned Sarsaparilla - 75mg,"Edibles,Drink,",Harlequin,75mg,NA
Dixie Elixirs & Edibles,Old Fashioned Sarsaparilla - 40mg,"Edibles,Drink,",Harlequin,40mg,NA
Dixie Elixirs & Edibles,Sparkling Peach - 40mg,"Edibles,Drink,",Harlequin,40mg,NA
Dixie Elixirs & Edibles,Sparkling Peach - 75mg,"Edibles,Drink,",Harlequin,75mg,NA
Dixie Elixirs & Edibles,Dixie One Watermelon Cream,"Edibles,Drink,",Harlequin,5mg,NA
Dixie Elixirs & Edibles,Girl Scout Cookies - Wax,"Concentrate,Wax,",Girl Scout Cookies,NA,NA
Dixie Elixirs & Edibles,Lemon OG Kush - Wax,"Concentrate,Wax,",Lemon OG Kush,NA,NA
Dixie Elixirs & Edibles,Gorilla Glue #4 - Wax,"Concentrate,Wax,",Gorilla Glue #4,NA,NA
Alpine Vapor,Honey Rose - Oil,"Concentrate,Oil,",Honey Rose,NA,NA
Alpine Vapor,Chill - Oil,"Concentrate,Oil,",Chill,NA,NA
Alpine Vapor,Orange Julius - Oil,"Concentrate,Oil,",Orange Julius,NA,NA
Alpine Vapor,Night Shift - Oil,"Concentrate,Oil,",Night Shift,NA,NA
Alpine Vapor,Lavender Ice Cream - Oil,"Concentrate,Oil,",Lavender Ice Cream,NA,NA
Alpine Vapor,Lemon Jack - Oil,"Concentrate,Oil,",Lemon Jack,NA,NA
Alpine Vapor,Fruity Pebblez - Oil,"Concentrate,Oil,",Fruity Pebblez,NA,NA
Alpine Vapor,Tropical Haze - Oil,"Concentrate,Oil,",Tropical Haze,NA,NA
Alpine Vapor,Pinkfruit Diesel - Oil,"Concentrate,Oil,",Pinkfruit Diesel,NA,NA
Alpine Vapor,Pinkfruit OG - Oil,"Concentrate,Oil,",Pinkfruit OG,NA,NA
Alpine Vapor,Tangerine Dream - Oil,"Concentrate,Oil,",Tangerine Dream,NA,NA
Alpine Vapor,Sour Skittlez - Oil,"Concentrate,Oil,",Sour Skittlez,NA,NA
Alpine Vapor,Classic - Oil,"Concentrate,Oil,",Classic,85.82%,0.46%
Alpine Vapor,Apple Pucker - Oil,"Concentrate,Oil,",Apple Pucker,NA,NA
Alpine Vapor,Blueberry Melonomenon - Oil,"Concentrate,Oil,",Blueberry Melonomenon,NA,NA
Alpine Vapor,Jack Herer - Vaporizer Cartridge,"Vapes,Vape Cartidge,",Jack Herer,NA,NA
Alpine Vapor,Gorilla Glue #4 - Vaporizer Cartridge,"Vapes,Vape Cartidge,",Gorilla Glue #4,NA,NA
Alpine Vapor,Girl Scout Cookies - Vaporizer Cartridge,"Vapes,Vape Cartidge,",Girl Scout Cookies,NA,NA
Alpine Vapor,Blue Dream - Vaporizer Cartridge,"Vapes,Vape Cartidge,",Blue Dream,NA,NA
Alpine Vapor,Jack Herer - Oil,"Concentrate,Oil,",Jack Herer,NA,NA
Alpine Vapor,Blue Dream - Oil,"Concentrate,Oil,",Blue Dream,NA,NA
Lunchbox Alchemy,Squibs - Grapefruit,"Edibles,Candy,",Blue Dream,NA,NA
Lunchbox Alchemy,Mini Shrapnel Black Label - Pink Lemonade,"Edibles,Candy,",Raspberry Kush,NA,NA
Lunchbox Alchemy,Mini Shrapnel Pink Label - Watermelon,"Edibles,Candy,",Raspberry Kush,NA,NA
Lunchbox Alchemy,Mini Shrapnel Pink Label - Peach,"Edibles,Candy,",Raspberry Kush,NA,NA
Lunchbox Alchemy,Mini Shrapnel Pink Label - Orange,"Edibles,Candy,",Raspberry Kush,NA,NA
Lunchbox Alchemy,Mini Shrapnel Pink Label - Grape,"Edibles,Candy,",Raspberry Kush,NA,NA
Lunchbox Alchemy,Mini Shrapnel Pink Label - Blue Raspberry,"Edibles,Candy,",Raspberry Kush,NA,NA
Lunchbox Alchemy,Mini Shrapnel Black Label - Watermelon,"Edibles,Candy,",Raspberry Kush,NA,NA
Lunchbox Alchemy,Mini Shrapnel Black Label - Peach,"Edibles,Candy,",Raspberry Kush,NA,NA
Lunchbox Alchemy,Mini Shrapnel Black Label - Orange,"Edibles,Candy,",Raspberry Kush,NA,NA
Lunchbox Alchemy,Mini Shrapnel Black Label - Grape,"Edibles,Candy,",Raspberry Kush,NA,NA
Lunchbox Alchemy,Mini Shrapnel Black Label - Blue Raspberry,"Edibles,Candy,",Raspberry Kush,NA,NA
Lunchbox Alchemy,Squibs - Orange,"Edibles,Candy,",Sour Tsunami,100mg,NA
Lunchbox Alchemy,Squibs - Cherry,"Edibles,Candy,",Sour Tsunami,100mg,NA
Lunchbox Alchemy,Shrapnel Pink Label - Peach,"Edibles,Candy,",Girl Scout Cookies,100mg,NA
Lunchbox Alchemy,Rations - Sea Salt Almonds,"Edibles,Snack,",ACDC (AC/DC),60mg,NA
Lunchbox Alchemy,Squibs - Punch Fruit,"Edibles,Candy,",ACDC (AC/DC),100mg,NA
Lunchbox Alchemy,Rations - Cinnamon Sugar Pretzels,"Edibles,Snack,",ACDC (AC/DC),40mg,NA
Lunchbox Alchemy,Food Grade Oil (FGO) - 2G,"Concentrate,Topical,RSO",ACDC (AC/DC),500mg,NA
Lunchbox Alchemy,Shrapnel Black Label - Grape,"Edibles,Candy,",ACDC (AC/DC),250mg,NA
Lunchbox Alchemy,Shrapnel Black Label - Orange,"Edibles,Candy,",ACDC (AC/DC),250mg,NA
Lunchbox Alchemy,Shrapnel Black Label - Watermelon,"Edibles,Candy,",ACDC (AC/DC),250mg,NA
Lunchbox Alchemy,Shrapnel Black Label - Blue Raspberry,"Edibles,Candy,",ACDC (AC/DC),250mg,NA
Lunchbox Alchemy,Shrapnel Pink Label - Watermelon,"Edibles,Candy,",ACDC (AC/DC),100mg,NA
Lunchbox Alchemy,Shrapnel Pink Label - Grape,"Edibles,Candy,",ACDC (AC/DC),100mg,NA
Lunchbox Alchemy,Squibs - Green Apple,"Edibles,Candy,",ACDC (AC/DC),100mg,NA
Lunchbox Alchemy,Shrapnel Pink Label - Orange,"Edibles,Candy,",ACDC (AC/DC),100mg,NA
Lunchbox Alchemy,Shrapnel Pink Label - Blue Raspberry,"Edibles,Candy,",ACDC (AC/DC),100mg,NA
Lunchbox Alchemy,Squibs - Mango,"Edibles,Candy,",ACDC (AC/DC),100mg,NA
Lunchbox Alchemy,Squibs - Pineapple,"Edibles,Candy,",ACDC (AC/DC),100mg,NA
Lunchbox Alchemy,Shrapnel Black Label - Peach,"Edibles,Candy,",Papaya,250mg,NA
Lunchbox Alchemy,Granola Bites,"Edibles,Snack,",White Fire OG (WiFi OG),30mg,NA
Lunchbox Alchemy,Rations - Honey Mustard Pretzels,"Edibles,Snack,",White Fire OG (WiFi OG),40mg,NA
Lunchbox Alchemy,Q #1 - Shatter,"Concentrate,Shatter,",Q #1,NA,NA
Lunchbox Alchemy,Blue City Diesel - Wax,"Concentrate,Wax,",Blue City Diesel,NA,NA
Lunchbox Alchemy,Sour Diesel - Crumble,"Concentrate,Crumble,Wax,",Sour Diesel,NA,NA
Lunchbox Alchemy,Fortune Cookies - Crumble,"Concentrate,Crumble,Wax,",Fortune Cookies,NA,NA
Lunchbox Alchemy,Pineapple & Bubblegum - Crumble,"Concentrate,Crumble,Wax,",Pineapple & Bubblegum,NA,NA
Lunchbox Alchemy,Liberty Haze - Crumble,"Concentrate,Crumble,Wax,",Liberty Haze,NA,NA
Lunchbox Alchemy,PDX - Crumble,"Concentrate,Crumble,Wax,",PDX,NA,NA
Lunchbox Alchemy,LSD - Crumble,"Concentrate,Crumble,Wax,",LSD,NA,NA
Lunchbox Alchemy,Dream Queen - Crumble,"Concentrate,Crumble,Wax,",Dream Queen,NA,NA
Lunchbox Alchemy,Cinex - Crumble,"Concentrate,Crumble,Wax,",Cinex,NA,NA
Lunchbox Alchemy,Cabbage Patch - Crumble,"Concentrate,Crumble,Wax,",Cabbage Patch,NA,NA
Lunchbox Alchemy,Lulu - Crumble,"Concentrate,Crumble,Wax,",Lulu,NA,NA
Lunchbox Alchemy,Blackberry Kush - Crumble,"Concentrate,Crumble,Wax,",Blackberry Kush,NA,NA
Lunchbox Alchemy,Hindu Kush - Crumble,"Concentrate,Crumble,Wax,",Hindu Kush,NA,NA
Lunchbox Alchemy,Blue Cinex - Shatter,"Concentrate,Shatter,",Blue Cinex,NA,NA
Lunchbox Alchemy,Cookie Wreck - Crumble,"Concentrate,Crumble,Wax,",Cookie Wreck,NA,NA
Lunchbox Alchemy,Mango - Wax,"Concentrate,Wax,",Mango,NA,NA
Lunchbox Alchemy,Purple Trainwreck - Wax,"Concentrate,Wax,",Purple Trainwreck,NA,NA
Lunchbox Alchemy,Pineapple - Crumble,"Concentrate,Crumble,Wax,",Pineapple,NA,NA
Lunchbox Alchemy,Sour Chem - Wax,"Concentrate,Wax,",Sour Chem,NA,NA
Lunchbox Alchemy,Tahoe OG Kush - Wax,"Concentrate,Wax,",Tahoe OG Kush,NA,NA
Lunchbox Alchemy,LSD - Wax,"Concentrate,Wax,",LSD,NA,NA
Lunchbox Alchemy,Kosher Kush - Shatter,"Concentrate,Shatter,",Kosher Kush,NA,NA
Lunchbox Alchemy,Sour Diesel - Wax,"Concentrate,Wax,",Sour Diesel,NA,NA
Lunchbox Alchemy,Cinex - Shatter,"Concentrate,Shatter,",Cinex,NA,NA
Lunchbox Alchemy,Lunch Box Oil (LBO) - 2G - Oil,"Concentrate,Oil,",Lunch Box Oil (LBO) - 2G,NA,NA
Lunchbox Alchemy,Pineapple - Wax,"Concentrate,Wax,",Pineapple,NA,NA
Lunchbox Alchemy,Cinex - Wax,"Concentrate,Wax,",Cinex,NA,NA
Lunchbox Alchemy,Trainwreck Kush Haze #1 - Wax,"Concentrate,Wax,",Trainwreck Kush Haze #1,NA,NA
Lunchbox Alchemy,Silver Back - Shatter,"Concentrate,Shatter,",Silver Back,NA,NA
Lunchbox Alchemy,Rogue Valley Wreck - Shatter,"Concentrate,Shatter,",Rogue Valley Wreck,NA,NA
Lunchbox Alchemy,Purple Crack - Wax,"Concentrate,Wax,",Purple Crack,NA,NA
Lunchbox Alchemy,Lambsbread Landrace - Wax,"Concentrate,Wax,",Lambsbread Landrace,NA,NA
Lunchbox Alchemy,Chem Diesel - Shatter,"Concentrate,Shatter,",Chem Diesel,NA,NA
Lunchbox Alchemy,Bubba Kush - Shatter,"Concentrate,Shatter,",Bubba Kush,NA,NA
Lunchbox Alchemy,Flo - Crumble,"Concentrate,Crumble,Wax,",Flo,NA,NA
Lunchbox Alchemy,Blue Dream - Crumble,"Concentrate,Crumble,Wax,",Blue Dream,NA,NA
Lunchbox Alchemy,Blue City Diesel - Crumble,"Concentrate,Crumble,Wax,",Blue City Diesel,NA,NA
Lunchbox Alchemy,OG Mix - Shatter,"Concentrate,Shatter,",OG Mix,NA,NA
Lunchbox Alchemy,Snow - Shatter,"Concentrate,Shatter,",Snow,NA,NA
Varavo,Dark Chocolate (4 x 125mg),"Edibles,Chocolate,",ACDC (AC/DC),500mg,NA
Varavo,Milk Chocolate (4 x 125mg),"Edibles,Chocolate,",ACDC (AC/DC),500mg,NA
Varavo,White Chocolate (4 x 125mg),"Edibles,Chocolate,",ACDC (AC/DC),500mg,NA
Varavo,Dark Chocolate (4 x 50mg),"Edibles,Chocolate,",ACDC (AC/DC),200mg,NA
Varavo,Milk Chocolate (4 x 50mg),"Edibles,Chocolate,",ACDC (AC/DC),200mg,NA
Varavo,White Chocolate Chunks (4 x 50mg),"Edibles,Chocolate,",ACDC (AC/DC),200mg,NA
Varavo,Dark Chocolate (2 x 25mg),"Edibles,Chocolate,",ACDC (AC/DC),50mg,NA
Varavo,Milk Chocolate (2 x 25mg),"Edibles,Chocolate,",ACDC (AC/DC),50mg,NA
Varavo,White Chocolate Chunks (2 x 25mg),"Edibles,Chocolate,",ACDC (AC/DC),50mg,NA
Cheef Naturals,Cheef Chew - CBD,"Edibles,Snack,",Chem Dawg (Chemdog),2mg,50mg
Cheef Naturals,SuperFruit Bar,"Edibles,Snack,",Chem Dawg (Chemdog),100mg,NA
Cheef Naturals,Organic Crunch Bar,"Edibles,Snack,",Chem Dawg (Chemdog),100mg,NA
Whoopi & Maya,Rub 4 oz,"Topical,",NA,50mg,15mg
Whoopi & Maya,Rub 2 oz,"Topical,",NA,25mg,10mg
Whoopi & Maya,Soak - Unscented,"Topical,Bath,",NA,NA,NA
Whoopi & Maya,Soak - Amber Moon,"Topical,Bath,",NA,NA,NA
Whoopi & Maya,Soak - Lavender,"Topical,Bath,",NA,NA,NA
Whoopi & Maya,Relax 2 oz,"Tincture,",Sunset Sherbert,200mg,NA
Whoopi & Maya,Relax 1oz,"Tincture,",Sunset Sherbert,100mg,NA
Whoopi & Maya,Savor - CBD Raw Cacao 4 oz,"Edibles,Drink,",Sunset Sherbert,4mg,80mg
Whoopi & Maya,Savor - CBD Raw Cacao 2 oz,"Edibles,Drink,",Sunset Sherbert,2mg,40mg
Whoopi & Maya,Savor - THC Raw Cacao 4 oz,"Edibles,Drink,",Sunset Sherbert,100mg,NA
Whoopi & Maya,Savor - THC Raw Cacao 2 oz,"Edibles,Drink,",Sunset Sherbert,50mg,NA
Chronic Solutions,Sugar Cones - Pre-roll,"Flowers,Pre-Roll",Pennywise,NA,NA
Goodies by MaGooch,Chicken Empanadas,"Edibles,Snack,",Green Ribbon,NA,NA
Goodies by MaGooch,Cocoa Rice/Peanut Butter Reese Rice Crispy Treat,"Edibles,Snack,",Green Ribbon,NA,NA
Goodies by MaGooch,Trix Rice Crispy Treat,"Edibles,Snack,",Green Ribbon,NA,NA
Goodies by MaGooch,Cocoa Rice Crispy Treat,"Edibles,Snack,",Green Ribbon,NA,NA
Goodies by MaGooch,Fruity Rice Crispy Treat,"Edibles,Snack,",Green Ribbon,NA,NA
Goodies by MaGooch,Peanut Butter M&M Cookie,"Edibles,",Green Ribbon,NA,NA
Goodies by MaGooch,Oatmeal Chocolate Chip Cookie,"Edibles,",Green Ribbon,NA,NA
Goodies by MaGooch,Oatmeal Raisin Cookie,"Edibles,",Green Ribbon,NA,NA
Goodies by MaGooch,Peanut Butter White Chips Cookie,"Edibles,",Green Ribbon,NA,NA
Goodies by MaGooch,Double Chocolate Cookie,"Edibles,",Green Ribbon,NA,NA
Goodies by MaGooch,Chocolate Chip Cookie,"Edibles,",Green Ribbon,NA,NA
Goodies by MaGooch,Caramel Popcorn,"Edibles,Snack,",Green Ribbon,NA,NA
Goodies by MaGooch,Cheese Hitz,"Edibles,Snack,",Green Ribbon,NA,NA
Goodies by MaGooch,Xtra Strength Brownie,"Edibles,",Green Ribbon,NA,NA
Goodies by MaGooch,Brownie,"Edibles,",Green Ribbon,NA,NA
Goodies by MaGooch,Gravity Lock - Extra Virgin Olive Oil,NA,Green Ribbon,NA,NA
Elevate Herbals,Explorer Bath Bomb,"Topical,Bath,",Canna-Tsu,NA,NA
Elevate Herbals,Dreamer Bath Bomb,"Topical,Bath,",Canna-Tsu,NA,NA
Elevate Herbals,Creator Bath Bomb,"Topical,Bath,",Canna-Tsu,NA,NA
Elevate Herbals,Original Body Lotion Bar,"Topical,",Canna-Tsu,NA,NA
Elevate Herbals,Wildflowers Body Lotion Bar,"Topical,",Sour Cookies,NA,NA
Elevate Herbals,Wintergreen Body Lotion Bar,"Topical,",Sour Cookies,NA,NA
WYLD,Chocolates - Strawberry White Chocolate,"Edibles,Chocolate,",ACDC (AC/DC),NA,NA
WYLD,Chocolates - Peach White Chocolate,"Edibles,Chocolate,",ACDC (AC/DC),NA,NA
WYLD,Chocolates - Blood Orange White Chocolate,"Edibles,Chocolate,",ACDC (AC/DC),NA,NA
WYLD,Gummies - Raspberry,"Edibles,Candy,",ACDC (AC/DC),NA,NA
WYLD,Gummies - Marionberry,"Edibles,Candy,",ACDC (AC/DC),NA,NA
Kandy Care,Lolly Pops - Peppermint,"Edibles,Candy,",Raspberry Kush,65mg,NA
Kandy Care,Thin Mint Cotton Kandy,"Edibles,Candy,",OG Kush,NA,NA
Kandy Care,Cherry Pie Cotton Kandy,"Edibles,Candy,",OG Kush,NA,NA
Kandy Care,Cotton Kandy - Blazed Blue,"Edibles,Candy,",Sour Diesel,55mg,NA
Kandy Care,Caramel Chews,"Edibles,Candy,",Granddaddy Purple (GDP),55mg,NA
Kandy Care,Lolly Pops,"Edibles,Candy,",Granddaddy Purple (GDP),65mg,NA
Kandy Care,Lolly Pops - Concord Grape,"Edibles,Candy,",Granddaddy Purple (GDP),65mg,NA
Kandy Care,Lolly Pops - Raspberry,"Edibles,Candy,",Granddaddy Purple (GDP),65mg,NA
Kandy Care,Lolly Pops - Blueberry,"Edibles,Candy,",Granddaddy Purple (GDP),65mg,NA
Kandy Care,Lolly Pops - Tutti Frutti,"Edibles,Candy,",Granddaddy Purple (GDP),65mg,NA
Kandy Care,Lolly Pops - Lemon,"Edibles,Candy,",Granddaddy Purple (GDP),65mg,NA
Kandy Care,Lolly Pops - Root Beer,"Edibles,Candy,",Granddaddy Purple (GDP),65mg,NA
Kandy Care,Lolly Pops - Butterscotch,"Edibles,Candy,",Granddaddy Purple (GDP),65mg,NA
Kandy Care,Lolly Pops - Watermelon,"Edibles,Candy,",Granddaddy Purple (GDP),65mg,NA
Kandy Care,Lolly Pops - Passion Fruit,"Edibles,Candy,",Granddaddy Purple (GDP),65mg,NA
Kandy Care,Lolly Pops - Strawberry,"Edibles,Candy,",Granddaddy Purple (GDP),65mg,NA
Kandy Care,Lolly Pops - Cinnamon,"Edibles,Candy,",Granddaddy Purple (GDP),65mg,NA
Kandy Care,Lolly Pops - Wild Cherry,"Edibles,Candy,",Granddaddy Purple (GDP),65mg,NA
Kandy Care,Lolly Pops - Pink Grapefruit,"Edibles,Candy,",Granddaddy Purple (GDP),65mg,NA
Kandy Care,Hard Candies - Wild Cherry,"Edibles,Candy,",Granddaddy Purple (GDP),65mg,NA
Kandy Care,Hard Candies - Pink Grapefruit,"Edibles,Candy,",Granddaddy Purple (GDP),65mg,NA
Kandy Care,Hard Candies - Blueberry,"Edibles,Candy,",Granddaddy Purple (GDP),65mg,NA
Kandy Care,Hard Candies,"Edibles,Candy,",Granddaddy Purple (GDP),65mg,NA
Kandy Care,Hard Candies - Tropical Punch,"Edibles,Candy,",Granddaddy Purple (GDP),65mg,NA
Kandy Care,Hard Candies - Lemon,"Edibles,Candy,",Granddaddy Purple (GDP),65mg,NA
Kandy Care,Hard Candies - Raspberry,"Edibles,Candy,",Granddaddy Purple (GDP),65mg,NA
Kandy Care,Hard Candies - Butterscotch,"Edibles,Candy,",Granddaddy Purple (GDP),65mg,NA
Kandy Care,Hard Candies - Tutti Frutti,"Edibles,Candy,",Granddaddy Purple (GDP),65mg,NA
Kandy Care,Hard Candies - Peppermint,"Edibles,Candy,",Granddaddy Purple (GDP),65mg,NA
Kandy Care,Hard Candies - Strawberry,"Edibles,Candy,",Granddaddy Purple (GDP),65mg,NA
Kandy Care,Hard Candies - Concord Grape,"Edibles,Candy,",Granddaddy Purple (GDP),65mg,NA
Kandy Care,Cotton Kandy - Phaded Pink,"Edibles,Candy,",Granddaddy Purple (GDP),55mg,NA
Waxman Concentrates,Sunset Sherbert - Wax,"Concentrate,Wax,",Sunset Sherbert,NA,NA
Waxman Concentrates,Super Silver Haze (SSH) - Wax,"Concentrate,Wax,",Super Silver Haze (SSH),NA,NA
Waxman Concentrates,Jack Herer - Wax,"Concentrate,Wax,",Jack Herer,NA,NA
Waxman Concentrates,Emerald Dream  - Honeycomb,NA,Emerald Dream,NA,NA
Waxman Concentrates,The True OG - Honeycomb,NA,The True OG,NA,NA
Waxman Concentrates,Nectar Injector Naked - Oil,"Concentrate,Oil,",Nectar Injector Naked,NA,NA
Waxman Concentrates,Nectar Injector - Oil,"Concentrate,Oil,",Nectar Injector,NA,NA
Waxman Concentrates,Private Reserve - Wax,"Concentrate,Wax,",Private Reserve,NA,NA
Waxman Concentrates,Top Shelf - Wax,"Concentrate,Wax,",Top Shelf,NA,NA
Waxman Concentrates,Top Shelf Naked - Wax,"Concentrate,Wax,",Top Shelf Naked,NA,NA
Waxman Concentrates,Santa Cruz Miracle - Wax,"Concentrate,Wax,",Santa Cruz Miracle,NA,NA
Waxman Concentrates,Sonoma Coma - Wax,"Concentrate,Wax,",Sonoma Coma,NA,NA
Waxman Concentrates,Miracle - Wax,"Concentrate,Wax,",Miracle,NA,NA
Waxman Concentrates,OG x Sour Diesel - Wax,"Concentrate,Wax,",OG x Sour Diesel,NA,NA
Waxman Concentrates,Blueberry Diesel - Wax,"Concentrate,Wax,",Blueberry Diesel,NA,NA
Waxman Concentrates,Goji Berry - Oil,"Concentrate,Oil,",Goji Berry,NA,NA
Waxman Concentrates,Strawberry Mojito - Oil,"Concentrate,Oil,",Strawberry Mojito,NA,NA
Waxman Concentrates,Blueberry - Oil,"Concentrate,Oil,",Blueberry,NA,NA
Waxman Concentrates,Nectar Injector - Strawberry Mojito - Oil,"Concentrate,Oil,",Nectar Injector - Strawberry Mojito,NA,NA
Waxman Concentrates,Sour Diesel - Crumble,"Concentrate,Crumble,Wax,",Sour Diesel,NA,NA
Waxman Concentrates,Super Silver Haze (SSH) - Crumble,"Concentrate,Crumble,Wax,",Super Silver Haze (SSH),NA,NA
Waxman Concentrates,ACDC (AC/DC) - Shatter,"Concentrate,Shatter,",ACDC (AC/DC),NA,NA
Waxman Concentrates,Grapefruit - Wax,"Concentrate,Wax,",Grapefruit,NA,NA
Waxman Concentrates,Trainwreck - Crumble,"Concentrate,Crumble,Wax,",Trainwreck,NA,NA
Waxman Concentrates,Mango Kush - Crumble,"Concentrate,Crumble,Wax,",Mango Kush,NA,NA
Waxman Concentrates,Blue Dream - Crumble,"Concentrate,Crumble,Wax,",Blue Dream,NA,NA
Waxman Concentrates,Sonoma Coma - Crumble,"Concentrate,Crumble,Wax,",Sonoma Coma,NA,NA
Waxman Concentrates,Hybrid - Oil,"Concentrate,Oil,",Hybrid,NA,NA
Waxman Concentrates,Strawberry OG - Wax,"Concentrate,Wax,",Strawberry OG,NA,NA
Waxman Concentrates,Cookie Monster - Wax,"Concentrate,Wax,",Cookie Monster,NA,NA
Waxman Concentrates,Pineapple Express - Wax,"Concentrate,Wax,",Pineapple Express,NA,NA
Waxman Concentrates,Game Changer - Crumble,"Concentrate,Crumble,Wax,",Game Changer,NA,NA
Waxman Concentrates,Fire OG - Wax,"Concentrate,Wax,",Fire OG,NA,NA
Waxman Concentrates,Afgoo (Afgooey / Afghooey) - Crumble,"Concentrate,Crumble,Wax,",Afgoo (Afgooey / Afghooey),NA,NA
Waxman Concentrates,Afgoo (Afgooey / Afghooey) - Wax,"Concentrate,Wax,",Afgoo (Afgooey / Afghooey),NA,NA
Waxman Concentrates,Mojito - Oil,"Concentrate,Oil,",Mojito,NA,NA
Waxman Concentrates,Goji OG - Oil,"Concentrate,Oil,",Goji OG,NA,NA
Waxman Concentrates,Girl Scout Cookies - Shatter,"Concentrate,Shatter,",Girl Scout Cookies,NA,NA
Waxman Concentrates,Skywalker OG - Crumble,"Concentrate,Crumble,Wax,",Skywalker OG,NA,NA
Waxman Concentrates,Girl Scout Cookies - Crumble,"Concentrate,Crumble,Wax,",Girl Scout Cookies,NA,NA
Waxman Concentrates,OG Kush - Crumble,"Concentrate,Crumble,Wax,",OG Kush,NA,NA
Waxman Concentrates,Pineapple - Crumble,"Concentrate,Crumble,Wax,",Pineapple,NA,NA
Waxman Concentrates,Tropical OG - Wax,"Concentrate,Wax,",Tropical OG,NA,NA
Waxman Concentrates,Bubble Gum - Oil,"Concentrate,Oil,",Bubble Gum,NA,NA
Waxman Concentrates,Tangie - Oil,"Concentrate,Oil,",Tangie,NA,NA
Waxman Concentrates,Mr. Nice - Oil,"Concentrate,Oil,",Mr. Nice,NA,NA
Waxman Concentrates,The White - Crumble,"Concentrate,Crumble,Wax,",The White,NA,NA
Waxman Concentrates,Thin Mint - Crumble,"Concentrate,Crumble,Wax,",Thin Mint,NA,NA
Waxman Concentrates,Goji OG - Wax,"Concentrate,Wax,",Goji OG,NA,NA
Waxman Concentrates,Skywalker OG - Wax,"Concentrate,Wax,",Skywalker OG,NA,NA
Waxman Concentrates,Holy Grail Kush - Crumble,"Concentrate,Crumble,Wax,",Holy Grail Kush,NA,NA
Waxman Concentrates,Banana Kush - Wax,"Concentrate,Wax,",Banana Kush,NA,NA
Waxman Concentrates,Jack Wreck - Wax,"Concentrate,Wax,",Jack Wreck,NA,NA
Waxman Concentrates,Pineapple - Wax,"Concentrate,Wax,",Pineapple,NA,NA
Waxman Concentrates,Skywalker OG - Oil,"Concentrate,Oil,",Skywalker OG,NA,NA
Waxman Concentrates,Blackberry Kush - Crumble,"Concentrate,Crumble,Wax,",Blackberry Kush,NA,NA
Waxman Concentrates,Atomic Northern Lights - Wax,"Concentrate,Wax,",Atomic Northern Lights,NA,NA
Waxman Concentrates,OG Kush - Oil,"Concentrate,Oil,",OG Kush,NA,NA
Waxman Concentrates,Girl Scout Cookies - Wax,"Concentrate,Wax,",Girl Scout Cookies,NA,NA
Waxman Concentrates,Cherry OG - Wax,"Concentrate,Wax,",Cherry OG,NA,NA
Waxman Concentrates,Blueberry OG - Wax,"Concentrate,Wax,",Blueberry OG,NA,NA
Waxman Concentrates,Orange - Crumble,"Concentrate,Crumble,Wax,",Orange,NA,NA
Waxman Concentrates,Mango - Oil,"Concentrate,Oil,",Mango,NA,NA
Waxman Concentrates,Cotton Candy - Wax,"Concentrate,Wax,",Cotton Candy,NA,NA
Waxman Concentrates,Jesus OG - Wax,"Concentrate,Wax,",Jesus OG,NA,NA
Waxman Concentrates,Agent Orange - Wax,"Concentrate,Wax,",Agent Orange,NA,NA
Waxman Concentrates,Cotton Candy - Oil,"Concentrate,Oil,",Cotton Candy,NA,NA
Waxman Concentrates,Mango - Wax,"Concentrate,Wax,",Mango,NA,NA
Waxman Concentrates,Mr. Nice - Wax,"Concentrate,Wax,",Mr. Nice,NA,NA
Waxman Concentrates,Granddaddy Purple (GDP) - Wax,"Concentrate,Wax,",Granddaddy Purple (GDP),NA,NA
Waxman Concentrates,Holy Grail Kush - Wax,"Concentrate,Wax,",Holy Grail Kush,NA,NA
Waxman Concentrates,Canna-Tsu - Wax,"Concentrate,Wax,",Canna-Tsu,NA,NA
Waxman Concentrates,TangiBerry - Wax,"Concentrate,Wax,",TangiBerry,NA,NA
Waxman Concentrates,Green Dream - Wax,"Concentrate,Wax,",Green Dream,NA,NA
Waxman Concentrates,Grape Ape - Wax,"Concentrate,Wax,",Grape Ape,NA,NA
Waxman Concentrates,Sugar Kush - Wax,"Concentrate,Wax,",Sugar Kush,NA,NA
Waxman Concentrates,Blue Dream - Wax,"Concentrate,Wax,",Blue Dream,NA,NA
Waxman Concentrates,The Flav - Wax,"Concentrate,Wax,",The Flav,NA,NA
Waxman Concentrates,AK-47 - Wax,"Concentrate,Wax,",AK-47,NA,NA
Waxman Concentrates,OG Kush - Wax,"Concentrate,Wax,",OG Kush,NA,NA
Waxman Concentrates,Chiesel (Cheezel) - Wax,"Concentrate,Wax,",Chiesel (Cheezel),NA,NA
Pretty Girl Extracts,Holy Grail Kush - Wax,"Concentrate,Wax,",Holy Grail Kush,NA,NA
Cumulus Candies,Sugar Shatter - Sour Blue Raspberry,"Edibles,Candy,",ACDC (AC/DC),NA,NA
Rising Sun Extract,White Mango - Shatter,"Concentrate,Shatter,",White Mango,NA,NA
Rising Sun Extract,Trainwreck - Shatter,"Concentrate,Shatter,",Trainwreck,NA,NA
Rising Sun Extract,Pineapple Dream - Shatter,"Concentrate,Shatter,",Pineapple Dream,NA,NA
Rising Sun Extract,Super Lemon Haze - Shatter,"Concentrate,Shatter,",Super Lemon Haze,NA,NA
Rising Sun Extract,OG Kush - Shatter,"Concentrate,Shatter,",OG Kush,NA,NA
Rising Sun Extract,John Snow - Shatter,"Concentrate,Shatter,",John Snow,NA,NA
Rising Sun Extract,Redbull - Shatter,"Concentrate,Shatter,",Redbull,NA,NA
Rising Sun Extract,Blue Dream - Shatter,"Concentrate,Shatter,",Blue Dream,72.98%,0.16%
Rising Sun Extract,XXX OG (Triple X OG) - Shatter,"Concentrate,Shatter,",XXX OG (Triple X OG),NA,NA
Rising Sun Extract,Chemdawg - Shatter,"Concentrate,Shatter,",Chemdawg,75.59%,0.17%
Rising Sun Extract,OG Chemdawg - Shatter,"Concentrate,Shatter,",OG Chemdawg,NA,NA
Rising Sun Extract,Gorilla Glue #4 - Shatter,"Concentrate,Shatter,",Gorilla Glue #4,64.93%,0.13%
Siskiyou Sungrown,Cannabis Oil (CBD) - 10ml,NA,ACDC (AC/DC),NA,NA
Siskiyou Sungrown,Cannabis Oil (CBD) - 3ml,NA,ACDC (AC/DC),NA,NA
Siskiyou Sungrown,Cannabis Oil (CBD) - 1ml,NA,ACDC (AC/DC),NA,NA
Siskiyou Sungrown,RSO (CBD) - Oil,"Concentrate,Oil,",RSO (CBD),NA,NA
Siskiyou Sungrown,RSO - Oil,"Concentrate,Oil,",RSO,NA,NA
Vader Extracts,Sour Lemon OG - Shatter,"Concentrate,Shatter,",Sour Lemon OG,NA,NA
Vader Extracts,White Kryptonite - Shatter,"Concentrate,Shatter,",White Kryptonite,NA,NA
Vader Extracts,Jilly Bean (Jillybean) - Shatter,"Concentrate,Shatter,",Jilly Bean (Jillybean),NA,NA
Vader Extracts,Sweet Tooth - Shatter,"Concentrate,Shatter,",Sweet Tooth,NA,NA
Vader Extracts,Lemon Kush x Tangie - Shatter,"Concentrate,Shatter,",Lemon Kush x Tangie,NA,NA
Vader Extracts,San Fernando Valley OG (SFV OG) - Shatter,"Concentrate,Shatter,",San Fernando Valley OG (SFV OG),NA,NA
Vader Extracts,King Kong - Shatter,"Concentrate,Shatter,",King Kong,NA,NA
Vader Extracts,Sour Diesel - Shatter,"Concentrate,Shatter,",Sour Diesel,NA,NA
Vader Extracts,Cobra Kai - Shatter,"Concentrate,Shatter,",Cobra Kai,NA,NA
Vader Extracts,Sour OG - Shatter,"Concentrate,Shatter,",Sour OG,NA,NA
Vader Extracts,Hindu Kush - Shatter,"Concentrate,Shatter,",Hindu Kush,NA,NA
Vader Extracts,Ogre - Shatter,"Concentrate,Shatter,",Ogre,NA,NA
Vader Extracts,Pot of Gold - Shatter,"Concentrate,Shatter,",Pot of Gold,NA,NA
Vader Extracts,Blueberry Cookies - Shatter,"Concentrate,Shatter,",Blueberry Cookies,NA,NA
Vader Extracts,AK-47 - Shatter,"Concentrate,Shatter,",AK-47,NA,NA
Vader Extracts,Blue Dot (MGB - Medical Grade Bud) - Shatter,"Concentrate,Shatter,",Blue Dot (MGB - Medical Grade Bud),NA,NA
Vader Extracts,Blackberry Kush - Shatter,"Concentrate,Shatter,",Blackberry Kush,NA,NA
Vader Extracts,Cherry Pie (Cherry Kush) - Shatter,"Concentrate,Shatter,",Cherry Pie (Cherry Kush),NA,NA
Vader Extracts,OG Kush - Shatter,"Concentrate,Shatter,",OG Kush,NA,NA
Vader Extracts,Great White Shark (Peacemaker) - Shatter,"Concentrate,Shatter,",Great White Shark (Peacemaker),NA,NA
Vader Extracts,Green Crack - Shatter,"Concentrate,Shatter,",Green Crack,NA,NA
Vader Extracts,Emerald OG - Shatter,"Concentrate,Shatter,",Emerald OG,NA,NA
Vader Extracts,Masterkush - Shatter,"Concentrate,Shatter,",Masterkush,NA,NA
Vader Extracts,Chem Dawg (Chemdog) - Shatter,"Concentrate,Shatter,",Chem Dawg (Chemdog),NA,NA
Vader Extracts,AK-47 - Wax,"Concentrate,Wax,",AK-47,NA,NA
Vader Extracts,Jedi Kush - Shatter,"Concentrate,Shatter,",Jedi Kush,NA,NA
Vader Extracts,Super Lemon Haze - Shatter,"Concentrate,Shatter,",Super Lemon Haze,NA,NA
Vader Extracts,East Coast Sour Diesel v3 (ECSD) - Shatter,"Concentrate,Shatter,",East Coast Sour Diesel v3 (ECSD),NA,NA
Vader Extracts,Black Diamond - Shatter,"Concentrate,Shatter,",Black Diamond,NA,NA
Vader Extracts,Bruce Banner - Shatter,"Concentrate,Shatter,",Bruce Banner,NA,NA
Vader Extracts,Candy Jack - Shatter,"Concentrate,Shatter,",Candy Jack,NA,NA
Medi Brothers,Parmesan Ranch Snack Mix,"Edibles,Snack,",Sour Tsunami,97mg,NA
Medi Brothers,BBQ Snack Mix,"Edibles,Snack,",Sour Tsunami,NA,NA
Medi Brothers,Dark Chocolate with Cherries,"Edibles,Chocolate,",ACDC (AC/DC),200mg,NA
Medi Brothers,Milk Chocolate with Toffee,"Edibles,Chocolate,",ACDC (AC/DC),200mg,NA
Medi Brothers,Milk Chocolate with Mint,"Edibles,Chocolate,",ACDC (AC/DC),200mg,NA
Medi Brothers,Dark Chocolate with Sea Salt,"Edibles,Chocolate,",ACDC (AC/DC),200mg,NA
Medi Brothers,White Chocolate Pretzel,"Edibles,Chocolate,",ACDC (AC/DC),200mg,NA
Medi Brothers,White Chocolate Rainbow,"Edibles,Chocolate,",ACDC (AC/DC),200mg,NA
Medi Brothers,Medi-Bears - Cinnamon,"Edibles,Candy,",ACDC (AC/DC),50mg,NA
Medi Brothers,White Chocolate Cookies & Cream,"Edibles,Chocolate,",ACDC (AC/DC),200mg,NA
Medi Brothers,Banana Cream Pie,"Edibles,Chocolate,",ACDC (AC/DC),200mg,NA
Medi Brothers,Milk Chocolate with Bacon,"Edibles,Chocolate,",CBD OG (CRAFT),200mg,NA
Medi Brothers,Peanut Butter Chocolate Chip,"Edibles,Chocolate,",CBD OG (CRAFT),200mg,NA
Medi Brothers,White Chocolate Horchata,"Edibles,Chocolate,",CBD OG (CRAFT),200mg,NA
Evergreen Herbal,Choo Choo .85G - Pre-roll,"Flowers,Pre-Roll",Choo Choo Rhino,NA,NA
FlavRX,Sea Salt Chocolate Bar,"Edibles,Chocolate,",OG Kush,180mg,NA
FlavRX,Toffee Chocolate Bar,"Edibles,Chocolate,",OG Kush,180mg,NA
FlavRX,Lemon White Chocolate Bar,"Edibles,Chocolate,",OG Kush,180mg,NA
FlavRX,Mint Cookie Chocolate Bar,"Edibles,Chocolate,",OG Kush,180mg,NA
FlavRX,Blackberry Dark Chocolate Bar,"Edibles,Chocolate,",OG Kush,180mg,NA
FlavRX,Blueberry White Chocolate Bar,"Edibles,Chocolate,",OG Kush,180mg,NA
FlavRX,Tangerine Chocolate Bar,"Edibles,Chocolate,",OG Kush,180mg,NA
FlavRX,Espresso Chocolate Bar,"Edibles,Chocolate,",OG Kush,180mg,NA
FlavRX,Sativa - Vaporizer Cartridge,"Vapes,Vape Cartidge,",Sativa,NA,NA
FlavRX,Indica - Vaporizer Cartridge,"Vapes,Vape Cartidge,",Indica,NA,NA
FlavRX,Jack Herer - Vaporizer Cartridge,"Vapes,Vape Cartidge,",Jack Herer,NA,NA
FlavRX,Lemon Haze - Oil,"Concentrate,Oil,",Lemon Haze,NA,NA
FlavRX,Blue Dream - Vaporizer Cartridge,"Vapes,Vape Cartidge,",Blue Dream,NA,NA
FlavRX,Lemon Haze - Vaporizer Cartridge,"Vapes,Vape Cartidge,",Lemon Haze,NA,NA
FlavRX,Bubblegum - Vaporizer Cartridge,"Vapes,Vape Cartidge,",Bubblegum,NA,NA
FlavRX,Girl Scout Cookies - Vaporizer Cartridge,"Vapes,Vape Cartidge,",Girl Scout Cookies,NA,NA
FlavRX,Tangie - Vaporizer Cartridge,"Vapes,Vape Cartidge,",Tangie,NA,NA
FlavRX,Grape Ape - Vaporizer Cartridge,"Vapes,Vape Cartidge,",Grape Ape,NA,NA
FlavRX,Kushberry (Blueberry Kush) - Vaporizer Cartridge,"Vapes,Vape Cartidge,",Kushberry (Blueberry Kush),NA,NA
FlavRX,The True OG - Vaporizer Cartridge,"Vapes,Vape Cartidge,",The True OG,NA,NA
FlavRX,Grapefruit - Vaporizer Cartridge,"Vapes,Vape Cartidge,",Grapefruit,NA,NA
FlavRX,Mango Haze - Vaporizer Cartridge,"Vapes,Vape Cartidge,",Mango Haze,NA,NA
FlavRX,OG Kush - Vaporizer Cartridge,"Vapes,Vape Cartidge,",OG Kush,NA,NA
FlavRX,Sour Diesel - Vaporizer Cartridge,"Vapes,Vape Cartidge,",Sour Diesel,NA,NA
FlavRX,Blackberry Kush - Vaporizer Cartridge,"Vapes,Vape Cartidge,",Blackberry Kush,NA,NA
FlavRX,Skywalker - Oil,"Concentrate,Oil,",Skywalker,NA,NA
FlavRX,Skywalker - Vaporizer Cartridge,"Vapes,Vape Cartidge,",Skywalker,NA,NA
Trokie,5 Pack - Refreshingly Crisp Mint Flavor (60mg),NA,Purple Trainwreck,300mg,NA
Trokie,5 Pack 40mg Troche CBD 1:1,NA,Green Ribbon,100mg,100mg
Trokie,Chocolate Hemisphere,"Edibles,Chocolate,",Chem Dawg (Chemdog),"1,000mg",NA
Trokie,50mg Pure CBD Lozenge,NA,Chem Dawg (Chemdog),NA,50mg
Trokie,160mg CBD/THC Troche,NA,Chem Dawg (Chemdog),80mg,80mg
Trokie,40mg CBD/THC Troche,NA,Chem Dawg (Chemdog),20mg,20mg
Trokie,Orange Ginger Mint Troche 120mg,NA,Chem Dawg (Chemdog),120mg,8mg
Trokie,Refreshing Citrus Troche 120mg,NA,Chem Dawg (Chemdog),120mg,8mg
Trokie,Crisp Mint Troche 120mg,NA,Chem Dawg (Chemdog),120mg,8mg
Trokie,Orange Ginger Mint Troche 60mg,NA,Chem Dawg (Chemdog),60mg,4mg
Trokie,Refreshing Citrus Troche 60mg,NA,Chem Dawg (Chemdog),60mg,4mg
Trokie,Crisp Mint Troche 60mg,NA,ACDC (AC/DC),60mg,4mg
Trokie,Mini Chocolate Square,"Edibles,Chocolate,",Masterkush,20mg,NA
Trokie,Trochies - 30 piece,NA,Maui Waui (Wowie),NA,NA
The CO2 Company,L.A. Ultra - Oil,"Concentrate,Oil,",L.A. Ultra,NA,NA
The CO2 Company,CBD Shark Shock - Oil,"Concentrate,Oil,",CBD Shark Shock,NA,NA
The CO2 Company,Purple Hindu - Vaporizer Cartridge,"Vapes,Vape Cartidge,",Purple Hindu,NA,NA
The CO2 Company,Pennywise - Vaporizer Cartridge,"Vapes,Vape Cartidge,",Pennywise,NA,NA
The CO2 Company,New York City Diesel - Vaporizer Cartridge,"Vapes,Vape Cartidge,",New York City Diesel,NA,NA
The CO2 Company,Purple Afghani - Oil,"Concentrate,Oil,",Purple Afghani,NA,NA
The CO2 Company,Pooh Berry - Oil,"Concentrate,Oil,",Pooh Berry,NA,NA
The CO2 Company,Hindu Kush - Oil,"Concentrate,Oil,",Hindu Kush,NA,NA
The CO2 Company,Green Crack - Oil,"Concentrate,Oil,",Green Crack,NA,NA
The CO2 Company,Green Crack - Vaporizer Cartridge,"Vapes,Vape Cartidge,",Green Crack,NA,NA
The CO2 Company,Redrum - Vaporizer Cartridge,"Vapes,Vape Cartidge,",Redrum,NA,NA
The CO2 Company,Afghan Blue - Vaporizer Cartridge,"Vapes,Vape Cartidge,",Afghan Blue,NA,NA
The CO2 Company,Hurkle - Oil,"Concentrate,Oil,",Hurkle,NA,NA
The CO2 Company,Northern Lights - Vaporizer Cartridge,"Vapes,Vape Cartidge,",Northern Lights,NA,NA
The CO2 Company,Purple Urkle - Oil,"Concentrate,Oil,",Purple Urkle,NA,NA
The CO2 Company,CBD Sap - Oil,"Concentrate,Oil,",CBD Sap,NA,NA
The CO2 Company,CBD Critical Mass - Oil,"Concentrate,Oil,",CBD Critical Mass,NA,NA
The CO2 Company,Shark Shock - Oil,"Concentrate,Oil,",Shark Shock,NA,NA
The CO2 Company,New York City Diesel - Oil,"Concentrate,Oil,",New York City Diesel,NA,NA
The CO2 Company,Applegate Jane Mix - Oil,"Concentrate,Oil,",Applegate Jane Mix,NA,NA
The CO2 Company,CBD Critical Mass - Vaporizer Cartridge,"Vapes,Vape Cartidge,",CBD Critical Mass,NA,NA
The CO2 Company,Shark Shock - Vaporizer Cartridge,"Vapes,Vape Cartidge,",Shark Shock,NA,NA
The CO2 Company,OG Kush - Vaporizer Cartridge,"Vapes,Vape Cartidge,",OG Kush,NA,NA
The CO2 Company,Blueberry - Vaporizer Cartridge,"Vapes,Vape Cartidge,",Blueberry,NA,NA
The CO2 Company,Applegate Jane Mix - Vaporizer Cartridge,"Vapes,Vape Cartidge,",Applegate Jane Mix,NA,NA
The CO2 Company,Quantum Kush - Vaporizer Cartridge,"Vapes,Vape Cartidge,",Quantum Kush,NA,NA
The CO2 Company,White Water - Oil,"Concentrate,Oil,",White Water,NA,NA
The CO2 Company,Querkle - Oil,"Concentrate,Oil,",Querkle,NA,NA
The CO2 Company,Lemon Larry OGK - Oil,"Concentrate,Oil,",Lemon Larry OGK,NA,NA
The CO2 Company,Applegate & Jane  - Oil,"Concentrate,Oil,",Applegate & Jane,NA,NA
The CO2 Company,AC/DC & CB Diesel - Oil,"Concentrate,Oil,",AC/DC & CB Diesel,NA,NA
The CO2 Company,Jack The Ripper - Vaporizer Cartridge,"Vapes,Vape Cartidge,",Jack The Ripper,NA,NA
The CO2 Company,Plushberry - Oil,"Concentrate,Oil,",Plushberry,NA,NA
The CO2 Company,Jack Herer - Oil,"Concentrate,Oil,",Jack Herer,NA,NA
The CO2 Company,Granddaddy Purple (GDP) - Oil,"Concentrate,Oil,",Granddaddy Purple (GDP),NA,NA
The CO2 Company,Girl Scout Cookies - Oil,"Concentrate,Oil,",Girl Scout Cookies,NA,NA
The CO2 Company,Dub - Oil,"Concentrate,Oil,",Dub,NA,NA
The CO2 Company,Critical Mass - Oil,"Concentrate,Oil,",Critical Mass,NA,NA
The CO2 Company,Bubba Skunk - Oil,"Concentrate,Oil,",Bubba Skunk,NA,NA
The CO2 Company,Blue Dream - Oil,"Concentrate,Oil,",Blue Dream,NA,NA
The CO2 Company,Black Cherry Soda - Oil,"Concentrate,Oil,",Black Cherry Soda,NA,NA
The CO2 Company,Agent Orange - Oil,"Concentrate,Oil,",Agent Orange,NA,NA
The CO2 Company,ACDC / CB Diesel - Oil,"Concentrate,Oil,",ACDC / CB Diesel,NA,NA
The CO2 Company,Pineapple - Vaporizer Cartridge,"Vapes,Vape Cartidge,",Pineapple,NA,NA
The CO2 Company,Shiskeberry (Shiskaberry) - Vaporizer Cartridge,"Vapes,Vape Cartidge,",Shiskeberry (Shiskaberry),NA,NA
The CO2 Company,Ogre Berry - Vaporizer Cartridge,"Vapes,Vape Cartidge,",Ogre Berry,NA,NA
The CO2 Company,Granddaddy Purple (GDP) - Vaporizer Cartridge,"Vapes,Vape Cartidge,",Granddaddy Purple (GDP),NA,NA
The CO2 Company,Dub - Vaporizer Cartridge,"Vapes,Vape Cartidge,",Dub,NA,NA
The CO2 Company,Oracle - Vaporizer Cartridge,"Vapes,Vape Cartidge,",Oracle,NA,NA
The CO2 Company,Nordle - Oil,"Concentrate,Oil,",Nordle,NA,NA
The CO2 Company,Hurkle - Vaporizer Cartridge,"Vapes,Vape Cartidge,",Hurkle,NA,NA
The CO2 Company,Platinum OG Kush - Vaporizer Cartridge,"Vapes,Vape Cartidge,",Platinum OG Kush,NA,NA
The CO2 Company,Agent Orange - Vaporizer Cartridge,"Vapes,Vape Cartidge,",Agent Orange,NA,NA
The CO2 Company,Canna-Tsu - Vaporizer Cartridge,"Vapes,Vape Cartidge,",Canna-Tsu,NA,NA
The CO2 Company,Skywalker Diesel - Vaporizer Cartridge,"Vapes,Vape Cartidge,",Skywalker Diesel,NA,NA
The CO2 Company,Blue Dream - Vaporizer Cartridge,"Vapes,Vape Cartidge,",Blue Dream,NA,NA
The CO2 Company,Bubba Kush - Vaporizer Cartridge,"Vapes,Vape Cartidge,",Bubba Kush,NA,NA
The CO2 Company,Black Cherry Soda - Vaporizer Cartridge,"Vapes,Vape Cartidge,",Black Cherry Soda,NA,NA
The CO2 Company,Georgia Express - Vaporizer Cartridge,"Vapes,Vape Cartidge,",Georgia Express,NA,NA
The CO2 Company,Space Queen - Vaporizer Cartridge,"Vapes,Vape Cartidge,",Space Queen,NA,NA
The CO2 Company,Querkle - Vaporizer Cartridge,"Vapes,Vape Cartidge,",Querkle,NA,NA
The CO2 Company,ACDC / CB Diesel - Vaporizer Cartridge,"Vapes,Vape Cartidge,",ACDC / CB Diesel,NA,NA
The CO2 Company,Triple X (XXX) - Vaporizer Cartridge,"Vapes,Vape Cartidge,",Triple X (XXX),NA,NA
The CO2 Company,Critical Mass - Vaporizer Cartridge,"Vapes,Vape Cartidge,",Critical Mass,NA,NA
The CO2 Company,Sour Diesel - Vaporizer Cartridge,"Vapes,Vape Cartidge,",Sour Diesel,NA,NA
The CO2 Company,Lemon Larry OGK - Vaporizer Cartridge,"Vapes,Vape Cartidge,",Lemon Larry OGK,NA,NA
The CO2 Company,True Blue - Vaporizer Cartridge,"Vapes,Vape Cartidge,",True Blue,NA,NA
The CO2 Company,Skunk Dawg - Vaporizer Cartridge,"Vapes,Vape Cartidge,",Skunk Dawg,NA,NA
The CO2 Company,Pineapple Chunk - Vaporizer Cartridge,"Vapes,Vape Cartidge,",Pineapple Chunk,NA,NA
The CO2 Company,Swiss Gold - Oil,"Concentrate,Oil,",Swiss Gold,NA,NA
The CO2 Company,Space Queen - Oil,"Concentrate,Oil,",Space Queen,NA,NA
The CO2 Company,Sour Jack - Oil,"Concentrate,Oil,",Sour Jack,NA,NA
The CO2 Company,Skunk Dawg - Oil,"Concentrate,Oil,",Skunk Dawg,NA,NA
The CO2 Company,Shiskeberry (Shiskaberry) - Oil,"Concentrate,Oil,",Shiskeberry (Shiskaberry),NA,NA
The CO2 Company,CBD Shark Shock - Vaporizer Cartridge,"Vapes,Vape Cartidge,",CBD Shark Shock,NA,NA
The CO2 Company,Purple Trainwreck - Oil,"Concentrate,Oil,",Purple Trainwreck,NA,NA
The CO2 Company,Jack The Ripper - Oil,"Concentrate,Oil,",Jack The Ripper,NA,NA
The CO2 Company,Everest Bud - Oil,"Concentrate,Oil,",Everest Bud,NA,NA
The CO2 Company,Rasta Berry - Vaporizer Cartridge,"Vapes,Vape Cartidge,",Rasta Berry,NA,NA
The CO2 Company,NYC Diesel - Vaporizer Cartridge,"Vapes,Vape Cartidge,",NYC Diesel,NA,NA
The CO2 Company,Girl Scout Cookies - Vaporizer Cartridge,"Vapes,Vape Cartidge,",Girl Scout Cookies,NA,NA
The CO2 Company,Everest Bud - Vaporizer Cartridge,"Vapes,Vape Cartidge,",Everest Bud,NA,NA
The CO2 Company,Blue Afghani - Vaporizer Cartridge,"Vapes,Vape Cartidge,",Blue Afghani,NA,NA
The CO2 Company,Blueberry Haze - Vaporizer Cartridge,"Vapes,Vape Cartidge,",Blueberry Haze,NA,NA
The CO2 Company,Harle-Tsu - Oil,"Concentrate,Oil,",Harle-Tsu,NA,NA
The CO2 Company,Purple Hindu - Oil,"Concentrate,Oil,",Purple Hindu,NA,NA
Royal Ambrosia,RSO - Oil,"Concentrate,Oil,",RSO,NA,NA
Royal Ambrosia,RSO (Lemon) - Oil,"Concentrate,Oil,",RSO (Lemon),NA,NA
Royal Ambrosia,RSO (Blackberry) - Oil,"Concentrate,Oil,",RSO (Blackberry),NA,NA
Royal Ambrosia,RSO (Grape) - Oil,"Concentrate,Oil,",RSO (Grape),NA,NA
Royal Ambrosia,Green Crack - Oil,"Concentrate,Oil,",Green Crack,NA,NA
Royal Ambrosia,Golden Pineapple - Oil,"Concentrate,Oil,",Golden Pineapple,NA,NA
Royal Ambrosia,Bruce Banner - Oil,"Concentrate,Oil,",Bruce Banner,NA,NA
Royal Ambrosia,Green Crack - Shatter,"Concentrate,Shatter,",Green Crack,NA,NA
Royal Ambrosia,Super Silver Haze (SSH) - Shatter,"Concentrate,Shatter,",Super Silver Haze (SSH),NA,NA
Royal Ambrosia,Bruce Banner - Shatter,"Concentrate,Shatter,",Bruce Banner,79.60%,NA
Royal Ambrosia,Heisman - Oil,"Concentrate,Oil,",Heisman,NA,NA
Royal Ambrosia,Green Cherry Pie - Oil,"Concentrate,Oil,",Green Cherry Pie,NA,NA
Jayn Green,Body Butter,"Topical,",NA,NA,NA
Jayn Green,Beard Oil,"Topical,",NA,NA,NA
Jayn Green,Beard Balm,"Topical,",NA,NA,NA
Vegan Buddha,Velvet Kush (Royal Kush) - Water Hash,"Concentrate,Bubble Hash,",Velvet Kush (Royal Kush),NA,NA
Vegan Buddha,Venice OG - Water Hash,"Concentrate,Bubble Hash,",Venice OG,NA,NA
Vegan Buddha,Hawaiian Lights - Water Hash,"Concentrate,Bubble Hash,",Hawaiian Lights,NA,NA
Vegan Buddha,Velvet Kush (Royal Kush) - Vaporizer Cartridge,"Vapes,Vape Cartidge,",Velvet Kush (Royal Kush),NA,NA
Vegan Buddha,Girl Scout Cookies - Water Hash,"Concentrate,Bubble Hash,",Girl Scout Cookies,NA,NA
Vegan Buddha,Bruce Banner - Water Hash,"Concentrate,Bubble Hash,",Bruce Banner,NA,NA
Vegan Buddha,Super Lemon Haze - Vaporizer Cartridge,"Vapes,Vape Cartidge,",Super Lemon Haze,NA,NA
The Nutty Baker,Lollipop - Orange Creamsicle,"Edibles,Candy,",ACDC (AC/DC),NA,NA
The Nutty Baker,Lollipop - Black Cherry,"Edibles,Candy,",ACDC (AC/DC),NA,NA
The Nutty Baker,Lollipop - Starfruit,"Edibles,Candy,",ACDC (AC/DC),NA,NA
The Nutty Baker,Lollipop - Cherry Berry Blitz,"Edibles,Candy,",ACDC (AC/DC),NA,NA
The Nutty Baker,Lollipop - Passion Fruit,"Edibles,Candy,",ACDC (AC/DC),NA,NA
The Nutty Baker,Lollipop - Blue Hawaiian,"Edibles,Candy,",ACDC (AC/DC),NA,NA
The Nutty Baker,Fruity Bedrock Bar,"Edibles,Snack,",ACDC (AC/DC),NA,NA
The Nutty Baker,Melon Margarita Hard Candy,"Edibles,Candy,",Sour Tsunami,125mg,NA
The Nutty Baker,Raspberry Mist Hard Candy,"Edibles,Candy,",Sour Tsunami,125mg,NA
The Nutty Baker,Strawberry Hard Candies,"Edibles,Candy,",Granddaddy Purple (GDP),125mg,NA
The Nutty Baker,Watermelon Hard Candies,"Edibles,Candy,",Granddaddy Purple (GDP),125mg,NA
The Nutty Baker,Black Cherry Hard Candies,"Edibles,Candy,",Granddaddy Purple (GDP),125mg,NA
The Nutty Baker,Lemon Drop Hard Candies,"Edibles,Candy,",Granddaddy Purple (GDP),125mg,NA
The Nutty Baker,Cosmic Caramel Bites,"Edibles,Candy,",Granddaddy Purple (GDP),100mg,NA
The Nutty Baker,Caramel Corn,"Edibles,Snack,",Thin Mint,150mg,NA
The Nutty Baker,Half & Half Bar,"Edibles,",Thin Mint,170mg,NA
The Nutty Baker,Chocolate Covered Caramels,"Edibles,Snack,",Thin Mint,60mg,NA
The Nutty Baker,Crispy Caramel Roll,"Edibles,Snack,",Thin Mint,NA,NA
The Nutty Baker,Brownie,"Edibles,",Thin Mint,100mg,NA
The Nutty Baker,Caramel Apple Pop,"Edibles,Candy,",Green Ribbon,60mg,NA
The Nutty Baker,Red Velvet Cake Truffles,"Edibles,",Green Ribbon,100mg,NA
The Nutty Baker,Zebra Roll,"Edibles,Snack,",Afgoo (Afgooey / Afghooey),150mg,NA
The Nutty Baker,Sugar Free Watermelon Rock Candy,"Edibles,Candy,",Afgoo (Afgooey / Afghooey),75mg,NA
The Nutty Baker,Sugar Free Krackle Bar,"Edibles,Snack,",Afgoo (Afgooey / Afghooey),75mg,NA
The Nutty Baker,Peanut Butter Cups,"Edibles,Snack,",Afgoo (Afgooey / Afghooey),100mg,NA
The Nutty Baker,Chocolate Fudge Cookie,"Edibles,",Afgoo (Afgooey / Afghooey),165mg,NA
The Nutty Baker,Chocolate Covered Creme Filled Sponge Cake,"Edibles,Snack,",Afgoo (Afgooey / Afghooey),110mg,NA
The Nutty Baker,Assorted Cake Balls,"Edibles,",Afgoo (Afgooey / Afghooey),100mg,NA
The Nutty Baker,Almond Roca,"Edibles,Snack,",Afgoo (Afgooey / Afghooey),65mg,NA
Pure Ratios,THC Indica,"Topical,",Champagne,NA,NA
Pure Ratios,THC Sativa,"Topical,",Champagne,NA,NA
Pure Ratios,CBN Patch,"Topical,",Champagne,NA,NA
Pure Ratios,CBD/THC 8:1 Patch,"Topical,",Champagne,NA,NA
Pure Ratios,CBD/THC 2:1 Patch,"Topical,",Champagne,NA,NA
Pure Ratios,THCa Patch,"Topical,",Champagne,NA,NA
Pure Ratios,CBD 20:1 Patch,"Topical,",Champagne,NA,40mg
Pure Ratios,CBD/THC 4:1 Patch,"Topical,",Champagne,NA,NA
Pure Ratios,CBD Hemp Patch,"Topical,",Champagne,NA,40mg
Pure Ratios,CBD/THC 1:1 Patch,"Topical,",Champagne,20mg,20mg
DÃ©foncÃ©,Mint Chocolate Bar,"Edibles,Chocolate,",Blue Dream,180mg,NA
DÃ©foncÃ©,Hazelnut Chocolate Bar,"Edibles,Chocolate,",Blue Dream,180mg,NA
DÃ©foncÃ©,Coffee Chocolate Bar,"Edibles,Chocolate,",Blue Dream,180mg,NA
DÃ©foncÃ©,Popcorn Chocolate Bar,"Edibles,Chocolate,",Blue Dream,180mg,NA
Shatter Tanks,Kosher Kush - Vaporizer Cartridge,"Vapes,Vape Cartidge,",Kosher Kush,NA,NA
Shatter Tanks,Pineapple Cookies - Vaporizer Cartridge,"Vapes,Vape Cartidge,",Pineapple Cookies,NA,NA
Shatter Tanks,Lemon Cookies - Vaporizer Cartridge,"Vapes,Vape Cartidge,",Lemon Cookies,NA,NA
Shatter Tanks,Super Glue - Vaporizer Cartridge,"Vapes,Vape Cartidge,",Super Glue,NA,NA
Shatter Tanks,Legend OG - Vaporizer Cartridge,"Vapes,Vape Cartidge,",Legend OG,NA,NA
Shatter Tanks,Ghost Train Haze #1 - Vaporizer Cartridge,"Vapes,Vape Cartidge,",Ghost Train Haze #1,NA,NA
Shatter Tanks,Banana Paris - Vaporizer Cartridge,"Vapes,Vape Cartidge,",Banana Paris,NA,NA
Shatter Tanks,Kush Cleaner - Vaporizer Disposable,"Vapes,Disposable Vape,",Kush Cleaner,NA,NA
Shatter Tanks,ACDC (AC/DC) - Vaporizer Cartridge,"Vapes,Vape Cartidge,",ACDC (AC/DC),NA,NA
Shatter Tanks,Passionfruit - Vaporizer Cartridge,"Vapes,Vape Cartidge,",Passionfruit,NA,NA
Shatter Tanks,Train Wreck x Northern Lights - Vaporizer Cartridge,"Vapes,Vape Cartidge,",Train Wreck x Northern Lights,NA,NA
Shatter Tanks,Blueberry - Vaporizer Cartridge,"Vapes,Vape Cartidge,",Blueberry,NA,NA
Shatter Tanks,Tangie - Vaporizer Cartridge,"Vapes,Vape Cartidge,",Tangie,NA,NA
Shatter Tanks,Gorilla Glue #4 - Vaporizer Cartridge,"Vapes,Vape Cartidge,",Gorilla Glue #4,NA,NA
Shatter Tanks,Canna-Tsu - Vaporizer Cartridge,"Vapes,Vape Cartidge,",Canna-Tsu,NA,NA
Shatter Tanks,Harle-Tsu - Vaporizer Cartridge,"Vapes,Vape Cartidge,",Harle-Tsu,NA,NA
Shatter Tanks,Sunset Sherbert - Vaporizer Cartridge,"Vapes,Vape Cartidge,",Sunset Sherbert,NA,NA
Shatter Tanks,Harle-Tsu - Shatter,"Concentrate,Shatter,",Harle-Tsu,NA,NA
Shatter Tanks,Sunset Sherbert - Shatter,"Concentrate,Shatter,",Sunset Sherbert,NA,NA
Shatter Tanks,Fire OG - Vaporizer Cartridge,"Vapes,Vape Cartidge,",Fire OG,NA,NA
Shatter Tanks,Skywalker OG - Vaporizer Cartridge,"Vapes,Vape Cartidge,",Skywalker OG,NA,NA
Shatter Tanks,Honeybee - Vaporizer Cartridge,"Vapes,Vape Cartidge,",Honeybee,NA,NA
Shatter Tanks,Kush Cleaner - Vaporizer Cartridge,"Vapes,Vape Cartidge,",Kush Cleaner,NA,NA
Shatter Tanks,Samurai OG - Vaporizer Cartridge,"Vapes,Vape Cartidge,",Samurai OG,NA,NA
Shatter Tanks,Wonka OG - Vaporizer Cartridge,"Vapes,Vape Cartidge,",Wonka OG,NA,NA
Shatter Tanks,Alien OG Kush - Vaporizer Cartridge,"Vapes,Vape Cartidge,",Alien OG Kush,NA,NA
Shatter Tanks,Fire OG Kush - Vaporizer Cartridge,"Vapes,Vape Cartidge,",Fire OG Kush,NA,NA
Shatter Tanks,Pineapple Sutra - Vaporizer Cartridge,"Vapes,Vape Cartidge,",Pineapple Sutra,NA,NA
Shatter Tanks,Lemon Skunk x Harlequin - Vaporizer Cartridge,"Vapes,Vape Cartidge,",Lemon Skunk x Harlequin,NA,NA
Shatter Tanks,The OG #18 (Private Reserve OG) - Vaporizer Cartridge,"Vapes,Vape Cartidge,",The OG #18 (Private Reserve OG),NA,NA
Shatter Tanks,Jack Herer - Vaporizer Cartridge,"Vapes,Vape Cartidge,",Jack Herer,NA,NA
Shatter Tanks,Pineapple Trainwreck - Vaporizer Cartridge,"Vapes,Vape Cartidge,",Pineapple Trainwreck,NA,NA
Shatter Tanks,Tahoe OG Kush - Vaporizer Cartridge,"Vapes,Vape Cartidge,",Tahoe OG Kush,NA,NA
Shatter Tanks,Trainwreck x OG Kush - Vaporizer Cartridge,"Vapes,Vape Cartidge,",Trainwreck x OG Kush,NA,NA
Green Ticket Bakery,Hillbilly Hash Tea Mango Lemon - 180mg,"Edibles,Drink,",Cherry Pie (Cherry Kush),180mg,NA
Green Ticket Bakery,Strawberry Jam,"Edibles,Spread,",Strawberry Cough,100mg,NA
Green Ticket Bakery,#Stay Chilled Brownie,"Edibles,",Strawberry Cough,324mg,NA
Green Ticket Bakery,#Stay Lifted Brownie,"Edibles,",Strawberry Cough,324mg,NA
Green Ticket Bakery,#Stay Medicated Brownie,"Edibles,",Strawberry Cough,648mg,NA
Green Ticket Bakery,Cocoa Cereal Bar,"Edibles,Snack,",Cherry Pie (Cherry Kush),162mg,NA
Green Ticket Bakery,Hillbilly Hash Tea Strawberry Lemon - 180mg,"Edibles,Drink,",OG Kush,180mg,NA
Green Ticket Bakery,Hillbilly Hash Tea Peach - 180mg,"Edibles,Drink,",OG Kush,180mg,NA
Green Ticket Bakery,Hillbilly Hash Raspberry Iced Tea - 180mg,"Edibles,Drink,",OG Kush,180mg,NA
Green Ticket Bakery,Hillbilly Hash Lemon Iced Tea - 180mg,"Edibles,Drink,",OG Kush,180mg,NA
Green Ticket Bakery,Hillbilly Hash Tea Peach - 90mg,"Edibles,Drink,",Grape Ape,90mg,NA
Green Ticket Bakery,Hillbilly Hash Tea Strawberry Lemon - 90mg,"Edibles,Drink,",Grape Ape,90mg,NA
Green Ticket Bakery,Cinnamon Spice Cookie,"Edibles,",Grape Ape,NA,NA
Green Ticket Bakery,$5 Chocolate Chip Cookies,"Edibles,",Grape Ape,NA,NA
Green Ticket Bakery,White Chocolate Macadamia Nut Cookie,"Edibles,",Grape Ape,NA,NA
Green Ticket Bakery,Coconut Macaroon Cookie,"Edibles,",Grape Ape,NA,NA
Green Ticket Bakery,Peanut Butter Cups,"Edibles,Snack,",Cali Orange,NA,NA
Green Ticket Bakery,Cereal Bar,"Edibles,Snack,",Cali Orange,162mg,NA
Green Ticket Bakery,GF Vegan Granola Bar,"Edibles,Snack,",Cali Orange,162mg,NA
Green Ticket Bakery,Cakes,"Edibles,",Cali Orange,108mg,NA
Green Ticket Bakery,Cakes - Red Velvet Cupcake,"Edibles,",Cali Orange,108mg,NA
Green Ticket Bakery,Cakes - Chocolate Cupcake,"Edibles,",Cali Orange,108mg,NA
Green Ticket Bakery,Cookies - Chocolate Walnut,"Edibles,",Cali Orange,NA,NA
Green Ticket Bakery,Cookies,"Edibles,",Cali Orange,NA,NA
Green Ticket Bakery,Cookies - Peanut Butter,"Edibles,",Cali Orange,NA,NA
Green Ticket Bakery,Cookies - Peanut Butter Blaze,"Edibles,",Cali Orange,NA,NA
Green Ticket Bakery,Cookies - Snikerdoodle,"Edibles,",Cali Orange,NA,NA
Green Ticket Bakery,Cookies - Oatmeal Raisin,"Edibles,",Cali Orange,NA,NA
Green Ticket Bakery,Cookies - Chocolate Chip,"Edibles,",Cali Orange,NA,NA
Green Ticket Bakery,Brownies - Sugar Free Chocolate,"Edibles,",Cali Orange,NA,NA
Green Ticket Bakery,Brownies - Butterscotch,"Edibles,",Cali Orange,NA,NA
Green Ticket Bakery,Brownies - Chocolate,"Edibles,",Cali Orange,NA,NA
Green Ticket Bakery,Brownies - Walnut,"Edibles,",Cali Orange,NA,NA
Green Ticket Bakery,Brownies - Gluten Free Chocolate,"Edibles,",Cali Orange,NA,NA
Green Ticket Bakery,Brownies,"Edibles,",Cali Orange,NA,NA
Green Ticket Bakery,Hillbilly Hash Raspberry Iced Tea - 90mg,"Edibles,Drink,",Cali Orange,90mg,NA
Green Ticket Bakery,Hillbilly Hash Lemon Iced Tea - 90mg,"Edibles,Drink,",Cali Orange,90mg,NA
First Class Concentrates,Cherry Bomb - Shatter,"Concentrate,Shatter,",Cherry Bomb,NA,NA
First Class Concentrates,J1 - Hash,NA,J1,NA,NA
First Class Concentrates,Lemon Sherbert - Wax,"Concentrate,Wax,",Lemon Sherbert,NA,NA
First Class Concentrates,Turbo Diesel - Wax,"Concentrate,Wax,",Turbo Diesel,NA,NA
First Class Concentrates,Orangutan - Wax,"Concentrate,Wax,",Orangutan,NA,NA
First Class Concentrates,Chernobyl - Shatter,"Concentrate,Shatter,",Chernobyl,NA,NA
First Class Concentrates,Cookies & Cream - Shatter,"Concentrate,Shatter,",Cookies & Cream,NA,NA
First Class Concentrates,Guerilla Warfare - Shatter,"Concentrate,Shatter,",Guerilla Warfare,NA,NA
First Class Concentrates,Orangutan - Shatter,"Concentrate,Shatter,",Orangutan,NA,NA
First Class Concentrates,Funky Bitch (Golden Goat) - Shatter,"Concentrate,Shatter,",Funky Bitch (Golden Goat),NA,NA
First Class Concentrates,In The Jack - Shatter,"Concentrate,Shatter,",In The Jack,NA,NA
First Class Concentrates,Jack Of All Trades - Shatter,"Concentrate,Shatter,",Jack Of All Trades,NA,NA
First Class Concentrates,In the Pines - Shatter,"Concentrate,Shatter,",In the Pines,NA,NA
First Class Concentrates,Kush Wreck - Shatter,"Concentrate,Shatter,",Kush Wreck,NA,NA
First Class Concentrates,Platinum Bub-Booyah - Shatter,"Concentrate,Shatter,",Platinum Bub-Booyah,NA,NA
First Class Concentrates,Platinum Bubba - Shatter,"Concentrate,Shatter,",Platinum Bubba,NA,NA
First Class Concentrates,Flo - Shatter,"Concentrate,Shatter,",Flo,NA,NA
First Class Concentrates,In The Amnesia - Shatter,"Concentrate,Shatter,",In The Amnesia,NA,NA
First Class Concentrates,Sour Freeway - Shatter,"Concentrate,Shatter,",Sour Freeway,NA,NA
First Class Concentrates,Granddaddy Purple (GDP) - Shatter,"Concentrate,Shatter,",Granddaddy Purple (GDP),NA,NA
First Class Concentrates,Wifi Leroy - Shatter,"Concentrate,Shatter,",Wifi Leroy,NA,NA
First Class Concentrates,Wedding Cake (Pink Cookies) - Shatter,"Concentrate,Shatter,",Wedding Cake (Pink Cookies),NA,NA
First Class Concentrates,Louis XIII OG - Shatter,"Concentrate,Shatter,",Louis XIII OG,NA,NA
First Class Concentrates,Animal Cookies - Shatter,"Concentrate,Shatter,",Animal Cookies,NA,NA
First Class Concentrates,Humboldt OG - Shatter,"Concentrate,Shatter,",Humboldt OG,NA,NA
First Class Concentrates,Moonshine Haze - Wax,"Concentrate,Wax,",Moonshine Haze,NA,NA
First Class Concentrates,J1 - Wax,"Concentrate,Wax,",J1,NA,NA
First Class Concentrates,Purple Cheese - Shatter,"Concentrate,Shatter,",Purple Cheese,NA,NA
First Class Concentrates,Sunset Sherbert - Shatter,"Concentrate,Shatter,",Sunset Sherbert,NA,NA
First Class Concentrates,Midas - Oil,"Concentrate,Oil,",Midas,NA,NA
First Class Concentrates,Hard Lemon - Shatter,"Concentrate,Shatter,",Hard Lemon,NA,NA
First Class Concentrates,Ghost Train Haze #1 - Oil,"Concentrate,Oil,",Ghost Train Haze #1,NA,NA
First Class Concentrates,Dank Commander - Oil,"Concentrate,Oil,",Dank Commander,NA,NA
First Class Concentrates,Chemdawg #4 - Shatter,"Concentrate,Shatter,",Chemdawg #4,NA,NA
First Class Concentrates,Gorilla Glue #4 - Shatter,"Concentrate,Shatter,",Gorilla Glue #4,NA,NA
First Class Concentrates,Starburst - Shatter,"Concentrate,Shatter,",Starburst,NA,NA
First Class Concentrates,Banana OG - Shatter,"Concentrate,Shatter,",Banana OG,NA,NA
First Class Concentrates,Tangieland - Shatter,"Concentrate,Shatter,",Tangieland,NA,NA
First Class Concentrates,Sour Diesel - Shatter,"Concentrate,Shatter,",Sour Diesel,NA,NA
First Class Concentrates,Albert Walker - Wax,"Concentrate,Wax,",Albert Walker,NA,NA
First Class Concentrates,Goji OG - Wax,"Concentrate,Wax,",Goji OG,NA,NA
First Class Concentrates,Albert Walker - Shatter,"Concentrate,Shatter,",Albert Walker,NA,NA
First Class Concentrates,Goji OG - Shatter,"Concentrate,Shatter,",Goji OG,NA,NA
First Class Concentrates,Canna-Tsu - Shatter,"Concentrate,Shatter,",Canna-Tsu,NA,NA
First Class Concentrates,Grape Ape - Wax,"Concentrate,Wax,",Grape Ape,NA,NA
First Class Concentrates,Purple Kush - Wax,"Concentrate,Wax,",Purple Kush,NA,NA
First Class Concentrates,Gasoline - Wax,"Concentrate,Wax,",Gasoline,NA,NA
First Class Concentrates,Platinum Cookies - Wax,"Concentrate,Wax,",Platinum Cookies,NA,NA
First Class Concentrates,Sour Diesel - Oil,"Concentrate,Oil,",Sour Diesel,NA,NA
First Class Concentrates,Gasoline - Shatter,"Concentrate,Shatter,",Gasoline,NA,NA
First Class Concentrates,Platinum Cookies - Shatter,"Concentrate,Shatter,",Platinum Cookies,NA,NA
First Class Concentrates,Grape Ape - Shatter,"Concentrate,Shatter,",Grape Ape,NA,NA
First Class Concentrates,Tangie - Shatter,"Concentrate,Shatter,",Tangie,NA,NA
First Class Concentrates,San Fernando Valley OG (SFV OG) - Shatter,"Concentrate,Shatter,",San Fernando Valley OG (SFV OG),NA,NA
First Class Concentrates,The True OG - Shatter,"Concentrate,Shatter,",The True OG,NA,NA
First Class Concentrates,CB Diesel - Shatter,"Concentrate,Shatter,",CB Diesel,NA,NA
First Class Concentrates,XJ-13 - Shatter,"Concentrate,Shatter,",XJ-13,NA,NA
First Class Concentrates,Skywalker OG - Shatter,"Concentrate,Shatter,",Skywalker OG,NA,NA
First Class Concentrates,OG Kush - Shatter,"Concentrate,Shatter,",OG Kush,NA,NA
California Finest,Bash OG - Pre-roll,"Flowers,Pre-Roll",Girl Scout Cookies,NA,NA
California Finest,Sour Cookies Kush  - Pre-roll,"Flowers,Pre-Roll",Girl Scout Cookies,NA,NA
California Finest,California Finest Magar by Jean Carlos - Pre-roll,"Flowers,Pre-Roll",Sour Cookies,NA,NA
California Finest,Zkittlez - Pre-roll,"Flowers,Pre-Roll",Zkittles,NA,NA
California Finest,Gravity - Pre-roll,"Flowers,Pre-Roll",Shark Shock,NA,NA
California Finest,Buddha - Pre-roll,"Flowers,Pre-Roll",Shark Shock,NA,NA
California Finest,Sour Diesel - Pre-roll,"Flowers,Pre-Roll",Sour Diesel,NA,NA
California Finest,Blue Dream - Pre-roll,"Flowers,Pre-Roll",Blue Dream,NA,NA
California Finest,Trainwreck - Pre-roll,"Flowers,Pre-Roll",Trainwreck,NA,NA
California Finest,Grand Daddy Purple - Pre-roll,"Flowers,Pre-Roll",Granddaddy Purple (GDP),NA,NA
California Finest,OG Kush - Pre-roll,"Flowers,Pre-Roll",OG Kush,NA,NA
California Finest,Bash Cherry Pie - Pre-roll,"Flowers,Pre-Roll",Cherry Pie (Cherry Kush),NA,NA
Northern Emeralds,Sapphire Kush - Water Hash,"Concentrate,Bubble Hash,",Sapphire Kush,NA,NA
